time,temperature_2m,relativehumidity_2m,rain,soil_temperature_0_to_7cm,soil_moisture
2023-01-01 00:00:00,20.48,57.58,98.68,24.43,52.75
2023-01-01 01:00:00,23.59,65.92,78.78,24.81,54.58
2023-01-01 02:00:00,22.18,68.66,96.9,22.87,52.64
2023-01-01 03:00:00,24.08,44.95,91.56,23.49,50.56
2023-01-01 04:00:00,20.65,47.62,99.85,23.17,53.6
2023-01-01 05:00:00,22.56,33.15,71.52,23.91,50.12
2023-01-01 06:00:00,24.71,38.24,98.97,24.39,50.35
2023-01-01 07:00:00,20.12,39.2,74.65,24.4,53.87
2023-01-01 08:00:00,22.03,53.85,93.95,22.1,53.27
2023-01-01 09:00:00,22.19,52.41,91.86,24.93,52.83
2023-01-01 10:00:00,20.37,53.31,85.8,22.9,54.48
2023-01-01 11:00:00,22.71,57.4,88.77,22.48,50.38
2023-01-01 12:00:00,20.85,47.99,82.68,22.59,54.81
2023-01-01 13:00:00,21.18,50.67,88.19,22.22,54.85
2023-01-01 14:00:00,22.74,38.04,93.75,22.54,52.4
2023-01-01 15:00:00,20.31,38.23,88.45,23.53,51.54
2023-01-01 16:00:00,22.66,54.24,75.9,22.27,54.37
2023-01-01 17:00:00,24.39,56.54,85.11,23.31,51.88
2023-01-01 18:00:00,23.59,33.66,97.15,24.59,53.28
2023-01-01 19:00:00,20.78,45.79,87.06,24.86,54.57
2023-01-01 20:00:00,20.92,62.83,83.21,22.69,54.96
2023-01-01 21:00:00,21.27,55.17,76.26,24.59,53.3
2023-01-01 22:00:00,21.04,44.06,75.35,24.49,53.35
2023-01-01 23:00:00,20.26,68.94,98.92,22.95,52.61
2023-01-02 00:00:00,20.99,52.25,83.46,24.49,50.67
2023-01-02 01:00:00,21.01,48.61,79.48,23.13,51.22
2023-01-02 02:00:00,21.26,53.84,91.46,23.08,50.68
2023-01-02 03:00:00,20.71,57.25,70.25,22.2,53.5
2023-01-02 04:00:00,24.79,41.78,89.3,22.83,54.93
2023-01-02 05:00:00,20.4,65.16,84.73,24.31,52.09
2023-01-02 06:00:00,23.78,63.98,70.68,22.06,52.72
2023-01-02 07:00:00,23.66,52.66,82.26,23.23,50.04
2023-01-02 08:00:00,22.15,33.31,75.2,24.47,53.49
2023-01-02 09:00:00,24.5,30.23,96.46,24.57,53.08
2023-01-02 10:00:00,23.51,63.52,86.11,24.58,50.84
2023-01-02 11:00:00,22.53,30.63,76.91,22.86,52.94
2023-01-02 12:00:00,22.6,48.33,85.07,22.05,50.97
2023-01-02 13:00:00,21.83,43.65,97.96,24.51,54.52
2023-01-02 14:00:00,23.22,55.39,98.46,24.57,54.53
2023-01-02 15:00:00,24.08,32.23,71.34,22.95,50.36
2023-01-02 16:00:00,21.42,50.87,74.44,22.61,52.69
2023-01-02 17:00:00,20.05,32.11,99.03,22.56,53.27
2023-01-02 18:00:00,20.47,47.57,77.11,23.17,54.48
2023-01-02 19:00:00,22.52,67.23,89.42,23.18,54.38
2023-01-02 20:00:00,22.73,53.45,81.46,22.29,53.92
2023-01-02 21:00:00,22.96,48.52,78.66,22.32,54.76
2023-01-02 22:00:00,22.61,31.91,87.49,23.04,50.62
2023-01-02 23:00:00,23.09,37.08,83.37,22.76,51.91
2023-01-03 00:00:00,20.1,51.84,89.47,23.1,53.29
2023-01-03 01:00:00,20.3,44.62,91.4,23.28,50.31
2023-01-03 02:00:00,22.64,67.25,83.91,23.47,52.19
2023-01-03 03:00:00,24.42,35.1,79.02,24.64,54.32
2023-01-03 04:00:00,20.19,40.45,70.04,23.93,53.36
2023-01-03 05:00:00,22.59,66.29,88.03,22.13,54.61
2023-01-03 06:00:00,23.46,44.07,75.05,22.52,54.63
2023-01-03 07:00:00,23.2,35.63,87.18,23.48,53.75
2023-01-03 08:00:00,24.79,44.09,80.36,24.69,50.43
2023-01-03 09:00:00,21.21,33.1,85.9,24.12,52.49
2023-01-03 10:00:00,22.72,38.55,74.57,24.72,51.41
2023-01-03 11:00:00,22.21,43.81,70.45,24.1,54.19
2023-01-03 12:00:00,24.81,50.5,88.66,23.72,51.14
2023-01-03 13:00:00,22.14,57.61,80.98,24.0,50.52
2023-01-03 14:00:00,20.31,60.01,77.86,22.84,52.66
2023-01-03 15:00:00,23.48,68.74,75.45,23.12,52.91
2023-01-03 16:00:00,21.73,41.39,96.32,24.2,52.2
2023-01-03 17:00:00,20.44,68.33,73.46,22.77,51.28
2023-01-03 18:00:00,23.61,53.13,77.91,24.62,50.58
2023-01-03 19:00:00,20.34,66.05,72.38,22.94,54.93
2023-01-03 20:00:00,24.24,35.98,79.99,24.85,52.31
2023-01-03 21:00:00,24.04,55.39,97.72,23.15,53.13
2023-01-03 22:00:00,22.21,58.86,80.16,23.87,54.07
2023-01-03 23:00:00,22.42,57.77,80.86,24.98,53.06
2023-01-04 00:00:00,22.93,48.73,97.43,22.72,51.72
2023-01-04 01:00:00,20.06,35.66,97.57,23.13,54.55
2023-01-04 02:00:00,21.66,38.99,76.69,24.13,50.76
2023-01-04 03:00:00,22.38,33.96,86.78,24.86,54.6
2023-01-04 04:00:00,20.06,64.33,79.14,24.88,51.16
2023-01-04 05:00:00,23.22,39.98,94.76,24.64,52.87
2023-01-04 06:00:00,20.08,52.78,88.12,23.0,53.02
2023-01-04 07:00:00,24.5,69.7,88.36,23.27,51.46
2023-01-04 08:00:00,20.67,31.4,74.85,24.84,54.46
2023-01-04 09:00:00,24.24,61.97,90.46,22.37,53.33
2023-01-04 10:00:00,24.97,41.23,73.92,24.04,50.17
2023-01-04 11:00:00,21.11,68.53,71.89,24.61,54.44
2023-01-04 12:00:00,23.05,44.96,83.45,22.72,52.34
2023-01-04 13:00:00,22.7,62.67,75.87,23.31,54.42
2023-01-04 14:00:00,23.26,43.96,96.14,24.05,53.27
2023-01-04 15:00:00,24.64,40.28,87.4,24.64,52.75
2023-01-04 16:00:00,20.13,57.16,98.6,24.95,53.58
2023-01-04 17:00:00,23.96,38.92,78.24,24.75,50.14
2023-01-04 18:00:00,21.01,52.92,77.62,23.67,54.51
2023-01-04 19:00:00,22.77,50.29,95.23,22.66,53.65
2023-01-04 20:00:00,20.76,52.66,97.42,24.38,53.26
2023-01-04 21:00:00,22.92,50.78,85.49,24.26,54.21
2023-01-04 22:00:00,24.74,47.96,95.03,22.81,51.59
2023-01-04 23:00:00,22.97,66.52,72.53,23.73,53.91
2023-01-05 00:00:00,24.49,43.27,91.07,22.89,54.64
2023-01-05 01:00:00,22.08,45.24,89.67,24.84,50.65
2023-01-05 02:00:00,24.27,34.01,74.35,24.56,51.23
2023-01-05 03:00:00,24.0,34.03,96.55,24.17,53.23
2023-01-05 04:00:00,21.62,37.07,86.44,22.07,50.7
2023-01-05 05:00:00,21.78,49.71,90.44,22.68,50.55
2023-01-05 06:00:00,20.85,58.16,72.43,23.73,50.86
2023-01-05 07:00:00,22.97,39.99,81.92,23.12,54.54
2023-01-05 08:00:00,20.28,61.06,87.73,23.15,51.74
2023-01-05 09:00:00,22.96,34.69,72.43,22.66,51.3
2023-01-05 10:00:00,20.92,69.53,82.68,24.71,54.6
2023-01-05 11:00:00,22.07,62.71,76.59,23.54,51.03
2023-01-05 12:00:00,22.13,64.24,71.27,22.97,51.92
2023-01-05 13:00:00,24.24,36.42,93.36,22.64,54.89
2023-01-05 14:00:00,22.94,63.12,98.78,23.13,50.98
2023-01-05 15:00:00,23.75,44.8,99.54,23.43,51.47
2023-01-05 16:00:00,23.91,50.84,85.9,23.99,54.56
2023-01-05 17:00:00,20.26,49.1,97.11,24.76,53.63
2023-01-05 18:00:00,23.44,64.89,79.95,22.15,50.7
2023-01-05 19:00:00,20.21,57.21,91.54,23.27,54.79
2023-01-05 20:00:00,24.83,46.51,85.23,24.0,50.63
2023-01-05 21:00:00,20.92,54.22,77.7,23.31,50.44
2023-01-05 22:00:00,23.56,41.69,84.99,24.3,51.79
2023-01-05 23:00:00,24.82,46.42,73.43,23.59,51.75
2023-01-06 00:00:00,24.06,38.76,91.46,24.33,50.1
2023-01-06 01:00:00,23.16,38.83,72.59,23.66,54.52
2023-01-06 02:00:00,20.88,48.14,90.39,23.72,53.62
2023-01-06 03:00:00,24.77,61.73,85.28,22.17,50.73
2023-01-06 04:00:00,20.51,54.59,90.34,22.07,50.7
2023-01-06 05:00:00,21.53,34.8,98.0,23.66,54.95
2023-01-06 06:00:00,20.95,52.1,89.05,23.3,50.96
2023-01-06 07:00:00,20.77,30.06,87.48,24.37,51.8
2023-01-06 08:00:00,21.44,43.75,79.98,22.76,51.1
2023-01-06 09:00:00,24.58,45.25,78.07,23.83,50.02
2023-01-06 10:00:00,24.39,68.63,79.07,23.74,53.2
2023-01-06 11:00:00,24.78,31.11,79.46,22.64,53.69
2023-01-06 12:00:00,20.26,56.94,74.87,24.83,53.6
2023-01-06 13:00:00,23.4,52.63,89.66,22.36,53.2
2023-01-06 14:00:00,22.02,42.56,82.42,24.28,52.8
2023-01-06 15:00:00,24.26,58.48,90.91,24.82,53.66
2023-01-06 16:00:00,20.61,58.53,99.97,23.64,54.16
2023-01-06 17:00:00,23.38,68.44,87.7,24.34,53.95
2023-01-06 18:00:00,24.63,35.39,78.26,22.26,50.86
2023-01-06 19:00:00,22.81,56.39,81.33,23.31,51.54
2023-01-06 20:00:00,21.13,42.5,94.86,24.55,53.71
2023-01-06 21:00:00,23.72,30.19,89.89,23.89,51.75
2023-01-06 22:00:00,21.14,39.58,93.97,24.34,50.5
2023-01-06 23:00:00,22.81,41.42,98.19,24.86,50.9
2023-01-07 00:00:00,20.76,45.59,73.06,24.12,53.15
2023-01-07 01:00:00,23.83,56.39,75.75,23.12,50.78
2023-01-07 02:00:00,22.34,65.7,88.94,23.69,54.37
2023-01-07 03:00:00,24.86,39.7,71.82,22.18,51.1
2023-01-07 04:00:00,20.7,31.92,93.6,23.73,50.25
2023-01-07 05:00:00,20.68,30.31,74.89,22.36,51.01
2023-01-07 06:00:00,21.48,63.81,80.0,24.83,54.06
2023-01-07 07:00:00,20.84,61.13,91.4,22.77,54.37
2023-01-07 08:00:00,23.64,39.54,83.73,23.43,50.05
2023-01-07 09:00:00,21.91,43.5,70.88,23.39,53.68
2023-01-07 10:00:00,23.55,59.93,80.55,24.65,54.94
2023-01-07 11:00:00,21.71,54.61,99.28,24.56,51.79
2023-01-07 12:00:00,23.17,68.99,73.11,22.42,54.33
2023-01-07 13:00:00,22.96,63.98,74.05,24.79,51.52
2023-01-07 14:00:00,23.06,37.55,81.27,23.83,50.56
2023-01-07 15:00:00,22.42,55.32,91.98,22.63,54.83
2023-01-07 16:00:00,20.89,34.69,74.2,23.47,52.08
2023-01-07 17:00:00,24.68,45.42,88.32,24.01,51.34
2023-01-07 18:00:00,21.74,49.35,82.26,22.49,52.82
2023-01-07 19:00:00,20.09,67.43,89.61,24.72,52.56
2023-01-07 20:00:00,24.63,51.85,75.33,24.36,50.07
2023-01-07 21:00:00,23.14,44.46,96.41,24.98,53.07
2023-01-07 22:00:00,22.76,49.14,89.39,24.87,50.2
2023-01-07 23:00:00,23.35,38.18,84.18,22.18,50.19
2023-01-08 00:00:00,21.44,64.44,96.57,22.87,51.82
2023-01-08 01:00:00,22.33,39.31,87.66,23.6,54.65
2023-01-08 02:00:00,20.04,32.06,93.8,24.15,50.45
2023-01-08 03:00:00,20.03,61.11,74.52,22.82,50.7
2023-01-08 04:00:00,22.72,58.54,91.89,22.55,52.28
2023-01-08 05:00:00,21.96,68.31,73.02,24.86,50.19
2023-01-08 06:00:00,20.05,43.46,98.17,22.21,51.81
2023-01-08 07:00:00,24.92,48.07,80.83,23.94,51.2
2023-01-08 08:00:00,20.31,45.87,93.58,22.66,51.9
2023-01-08 09:00:00,24.01,55.52,93.15,23.67,53.01
2023-01-08 10:00:00,21.9,55.19,80.96,23.54,54.72
2023-01-08 11:00:00,24.78,35.18,73.53,22.75,51.46
2023-01-08 12:00:00,24.28,67.0,95.66,23.74,52.38
2023-01-08 13:00:00,24.11,46.67,83.95,24.44,53.52
2023-01-08 14:00:00,24.26,44.87,92.74,23.07,54.63
2023-01-08 15:00:00,22.75,37.18,79.49,24.62,51.04
2023-01-08 16:00:00,20.42,33.45,91.61,23.81,54.9
2023-01-08 17:00:00,22.32,37.0,94.0,22.64,50.61
2023-01-08 18:00:00,20.95,62.73,86.13,22.56,53.25
2023-01-08 19:00:00,23.05,40.8,95.26,23.99,52.68
2023-01-08 20:00:00,21.77,53.63,85.66,24.29,51.34
2023-01-08 21:00:00,20.02,62.87,71.15,23.66,53.25
2023-01-08 22:00:00,21.66,45.13,90.06,24.54,54.78
2023-01-08 23:00:00,20.17,40.36,73.46,24.31,54.32
2023-01-09 00:00:00,24.45,35.32,85.44,22.52,53.98
2023-01-09 01:00:00,23.67,56.48,90.42,23.35,54.48
2023-01-09 02:00:00,20.2,57.87,98.95,22.82,54.33
2023-01-09 03:00:00,24.76,38.91,82.83,24.55,52.73
2023-01-09 04:00:00,23.05,62.35,96.38,22.05,53.23
2023-01-09 05:00:00,23.95,43.83,79.62,23.08,51.66
2023-01-09 06:00:00,20.97,57.78,77.19,23.74,54.82
2023-01-09 07:00:00,24.67,39.12,88.56,22.94,54.46
2023-01-09 08:00:00,23.95,64.33,98.53,23.48,52.13
2023-01-09 09:00:00,21.14,32.28,92.71,24.97,52.34
2023-01-09 10:00:00,23.64,48.35,78.19,22.5,52.91
2023-01-09 11:00:00,24.46,47.4,98.58,23.69,53.93
2023-01-09 12:00:00,23.66,32.82,98.06,24.9,54.77
2023-01-09 13:00:00,23.23,35.37,90.31,24.92,54.83
2023-01-09 14:00:00,24.78,66.96,98.07,23.98,50.38
2023-01-09 15:00:00,24.17,42.59,78.25,23.21,50.4
2023-01-09 16:00:00,21.87,64.14,91.13,22.57,50.58
2023-01-09 17:00:00,21.86,52.62,78.49,24.17,52.24
2023-01-09 18:00:00,21.73,34.88,90.67,24.35,52.77
2023-01-09 19:00:00,20.83,55.23,91.25,24.86,53.72
2023-01-09 20:00:00,24.19,42.37,88.78,23.5,52.89
2023-01-09 21:00:00,23.25,60.49,85.07,23.69,50.09
2023-01-09 22:00:00,22.13,40.61,83.7,23.38,53.83
2023-01-09 23:00:00,23.65,51.06,83.72,23.22,51.72
2023-01-10 00:00:00,20.08,64.05,70.3,23.38,54.44
2023-01-10 01:00:00,23.68,31.31,86.02,24.93,52.06
2023-01-10 02:00:00,20.7,67.49,78.06,23.56,52.8
2023-01-10 03:00:00,23.18,33.6,93.48,24.59,50.71
2023-01-10 04:00:00,24.74,42.7,97.56,24.94,50.79
2023-01-10 05:00:00,20.19,44.74,73.58,22.03,54.55
2023-01-10 06:00:00,24.76,54.1,97.96,23.96,53.55
2023-01-10 07:00:00,20.69,66.55,80.3,24.52,50.63
2023-01-10 08:00:00,20.34,63.03,83.91,22.55,54.68
2023-01-10 09:00:00,24.15,61.1,81.76,23.28,53.06
2023-01-10 10:00:00,23.15,35.31,87.31,23.4,52.93
2023-01-10 11:00:00,24.96,63.21,74.06,23.21,51.86
2023-01-10 12:00:00,23.75,39.28,76.38,22.05,53.46
2023-01-10 13:00:00,22.54,50.56,99.91,24.39,52.35
2023-01-10 14:00:00,20.46,34.02,77.23,23.93,51.54
2023-01-10 15:00:00,21.97,42.96,94.36,23.47,52.98
2023-01-10 16:00:00,22.41,59.79,85.68,24.71,50.5
2023-01-10 17:00:00,23.09,58.23,95.95,23.84,53.7
2023-01-10 18:00:00,21.39,37.73,79.96,24.0,54.99
2023-01-10 19:00:00,20.13,67.92,77.34,24.39,51.32
2023-01-10 20:00:00,22.56,64.53,76.84,23.3,54.53
2023-01-10 21:00:00,22.08,68.74,82.9,23.26,51.78
2023-01-10 22:00:00,24.89,59.7,81.99,24.02,54.4
2023-01-10 23:00:00,24.12,66.68,93.0,23.8,51.71
2023-01-11 00:00:00,22.36,64.04,94.69,22.35,53.95
2023-01-11 01:00:00,24.25,53.58,70.4,23.66,50.34
2023-01-11 02:00:00,21.7,33.38,86.23,23.55,50.33
2023-01-11 03:00:00,24.91,31.9,92.7,22.17,50.97
2023-01-11 04:00:00,23.59,38.11,83.88,23.35,53.02
2023-01-11 05:00:00,24.61,54.24,91.43,22.89,53.64
2023-01-11 06:00:00,24.0,44.97,96.38,23.2,51.02
2023-01-11 07:00:00,20.82,69.65,73.57,22.87,54.03
2023-01-11 08:00:00,20.2,40.76,84.83,22.57,53.46
2023-01-11 09:00:00,21.61,38.0,91.28,22.44,53.74
2023-01-11 10:00:00,24.84,69.98,92.4,22.54,53.14
2023-01-11 11:00:00,24.19,58.98,92.38,22.58,53.46
2023-01-11 12:00:00,22.69,35.7,74.43,23.27,50.19
2023-01-11 13:00:00,20.32,56.46,75.3,24.72,53.2
2023-01-11 14:00:00,24.71,32.47,86.04,22.17,51.1
2023-01-11 15:00:00,20.54,34.62,74.83,24.69,50.65
2023-01-11 16:00:00,24.65,46.88,73.45,22.52,54.91
2023-01-11 17:00:00,20.48,48.53,83.86,22.27,54.16
2023-01-11 18:00:00,22.69,55.84,81.78,24.11,53.21
2023-01-11 19:00:00,23.0,36.79,97.35,24.81,50.74
2023-01-11 20:00:00,20.07,59.27,96.07,22.94,53.18
2023-01-11 21:00:00,20.29,32.93,83.88,23.22,50.69
2023-01-11 22:00:00,23.7,44.51,98.36,22.21,50.51
2023-01-11 23:00:00,23.09,49.64,81.25,23.96,50.37
2023-01-12 00:00:00,21.41,52.0,98.84,23.86,52.87
2023-01-12 01:00:00,22.18,35.71,84.67,24.03,52.29
2023-01-12 02:00:00,21.46,43.26,77.45,22.91,50.08
2023-01-12 03:00:00,20.61,44.48,88.53,24.64,54.46
2023-01-12 04:00:00,21.25,40.64,93.51,24.44,54.4
2023-01-12 05:00:00,22.67,54.31,99.77,24.69,53.1
2023-01-12 06:00:00,21.53,66.11,98.66,22.41,50.4
2023-01-12 07:00:00,24.08,66.34,90.53,24.91,51.45
2023-01-12 08:00:00,22.73,32.31,74.89,23.92,54.27
2023-01-12 09:00:00,21.16,55.74,82.89,24.12,51.9
2023-01-12 10:00:00,23.63,44.47,77.01,24.4,50.33
2023-01-12 11:00:00,24.99,31.98,79.51,22.46,50.85
2023-01-12 12:00:00,21.15,35.85,73.47,22.53,52.66
2023-01-12 13:00:00,20.34,61.24,70.92,22.5,53.46
2023-01-12 14:00:00,23.58,38.14,74.15,24.43,53.94
2023-01-12 15:00:00,21.32,59.19,72.4,22.24,50.74
2023-01-12 16:00:00,23.51,63.62,88.86,24.15,50.2
2023-01-12 17:00:00,21.35,68.8,88.39,23.12,53.85
2023-01-12 18:00:00,23.43,48.91,96.12,23.36,50.44
2023-01-12 19:00:00,24.59,42.44,76.43,23.67,53.62
2023-01-12 20:00:00,20.07,42.68,74.84,22.06,53.63
2023-01-12 21:00:00,23.4,53.2,87.64,24.46,53.79
2023-01-12 22:00:00,21.11,66.03,71.05,22.79,53.47
2023-01-12 23:00:00,22.52,42.28,84.42,22.77,51.1
2023-01-13 00:00:00,20.76,61.75,88.29,24.13,54.27
2023-01-13 01:00:00,24.92,64.68,76.16,23.7,50.43
2023-01-13 02:00:00,21.99,46.42,98.92,22.16,52.98
2023-01-13 03:00:00,21.64,48.14,77.61,23.3,52.95
2023-01-13 04:00:00,24.17,47.97,87.35,24.06,50.5
2023-01-13 05:00:00,23.08,67.77,96.42,23.53,52.17
2023-01-13 06:00:00,20.56,51.44,81.65,22.89,52.79
2023-01-13 07:00:00,21.83,65.45,80.62,24.51,54.87
2023-01-13 08:00:00,24.48,44.0,75.55,24.54,52.82
2023-01-13 09:00:00,21.16,38.44,73.08,22.22,50.43
2023-01-13 10:00:00,20.68,58.72,82.41,24.54,51.13
2023-01-13 11:00:00,21.98,68.75,83.76,24.6,50.82
2023-01-13 12:00:00,23.88,45.0,72.36,23.25,50.78
2023-01-13 13:00:00,23.01,46.41,94.31,23.55,53.07
2023-01-13 14:00:00,20.29,35.95,98.39,22.6,52.64
2023-01-13 15:00:00,20.11,59.06,74.77,24.06,54.49
2023-01-13 16:00:00,24.07,44.54,89.92,23.8,54.79
2023-01-13 17:00:00,23.88,40.85,98.6,22.85,53.88
2023-01-13 18:00:00,21.11,62.92,94.18,24.98,52.14
2023-01-13 19:00:00,21.47,69.34,88.51,24.1,51.08
2023-01-13 20:00:00,23.32,65.57,93.27,22.28,53.89
2023-01-13 21:00:00,23.4,30.43,74.5,22.41,51.8
2023-01-13 22:00:00,20.85,52.71,76.99,23.8,50.69
2023-01-13 23:00:00,23.18,56.02,90.79,23.62,50.63
2023-01-14 00:00:00,24.02,50.39,82.07,24.68,53.52
2023-01-14 01:00:00,21.05,46.11,76.78,24.06,54.48
2023-01-14 02:00:00,22.42,60.53,85.27,22.8,54.08
2023-01-14 03:00:00,22.27,34.87,96.22,24.57,54.73
2023-01-14 04:00:00,24.66,64.19,82.44,22.74,51.58
2023-01-14 05:00:00,22.74,63.51,70.02,24.75,51.36
2023-01-14 06:00:00,23.75,45.59,99.23,22.93,52.56
2023-01-14 07:00:00,21.97,47.21,76.39,24.08,51.92
2023-01-14 08:00:00,20.51,68.16,86.77,22.17,53.09
2023-01-14 09:00:00,22.66,45.76,83.43,22.27,54.25
2023-01-14 10:00:00,21.08,33.04,91.99,22.49,52.42
2023-01-14 11:00:00,20.43,65.04,80.92,24.7,53.31
2023-01-14 12:00:00,20.86,62.31,73.98,22.13,53.48
2023-01-14 13:00:00,21.75,38.08,76.0,23.41,54.17
2023-01-14 14:00:00,22.07,40.39,96.4,22.05,52.42
2023-01-14 15:00:00,24.51,32.43,85.75,23.54,53.1
2023-01-14 16:00:00,20.13,45.31,94.92,24.82,52.21
2023-01-14 17:00:00,24.98,56.07,79.21,24.79,54.6
2023-01-14 18:00:00,20.04,33.97,84.46,22.65,52.09
2023-01-14 19:00:00,23.75,30.52,84.4,24.31,51.45
2023-01-14 20:00:00,24.65,54.97,71.83,24.48,50.75
2023-01-14 21:00:00,21.52,52.85,92.72,22.2,52.54
2023-01-14 22:00:00,24.01,42.33,76.4,24.47,53.0
2023-01-14 23:00:00,24.77,63.02,74.56,22.56,54.66
2023-01-15 00:00:00,23.7,33.45,80.05,24.9,51.02
2023-01-15 01:00:00,23.02,63.38,83.72,22.6,53.27
2023-01-15 02:00:00,23.26,62.42,93.87,24.97,52.24
2023-01-15 03:00:00,23.24,63.32,96.43,24.41,50.7
2023-01-15 04:00:00,20.01,68.26,99.63,22.78,51.01
2023-01-15 05:00:00,22.56,58.55,96.26,24.74,53.07
2023-01-15 06:00:00,21.2,53.81,74.34,24.4,51.14
2023-01-15 07:00:00,22.87,68.66,98.68,24.32,51.49
2023-01-15 08:00:00,20.02,40.57,86.87,23.78,53.3
2023-01-15 09:00:00,24.0,44.78,96.96,22.23,53.96
2023-01-15 10:00:00,23.24,40.91,83.23,23.03,52.91
2023-01-15 11:00:00,23.16,61.66,83.91,24.13,54.98
2023-01-15 12:00:00,23.31,51.54,83.9,23.88,53.1
2023-01-15 13:00:00,20.15,61.71,83.3,23.84,52.72
2023-01-15 14:00:00,23.25,55.01,95.15,22.52,54.73
2023-01-15 15:00:00,22.82,48.93,99.83,22.48,52.53
2023-01-15 16:00:00,22.4,36.49,92.99,22.34,54.44
2023-01-15 17:00:00,24.16,42.48,96.72,22.5,52.92
2023-01-15 18:00:00,24.44,42.57,75.48,24.03,51.89
2023-01-15 19:00:00,22.56,53.03,91.2,24.66,51.81
2023-01-15 20:00:00,23.53,63.75,71.64,22.76,52.47
2023-01-15 21:00:00,20.67,58.27,84.15,23.29,51.83
2023-01-15 22:00:00,22.87,36.37,98.27,22.22,51.36
2023-01-15 23:00:00,23.65,64.53,89.18,23.93,51.52
2023-01-16 00:00:00,20.73,55.47,76.31,22.04,54.45
2023-01-16 01:00:00,21.46,69.87,84.44,22.46,52.15
2023-01-16 02:00:00,23.87,69.13,85.43,23.52,53.07
2023-01-16 03:00:00,21.6,68.88,80.29,22.45,51.96
2023-01-16 04:00:00,23.83,32.41,71.73,23.22,54.53
2023-01-16 05:00:00,24.08,51.04,86.27,24.17,52.85
2023-01-16 06:00:00,23.86,45.76,97.5,22.9,54.15
2023-01-16 07:00:00,23.44,40.41,94.77,24.4,52.21
2023-01-16 08:00:00,22.6,67.05,91.15,24.85,50.95
2023-01-16 09:00:00,22.1,65.62,93.89,23.64,50.71
2023-01-16 10:00:00,23.61,40.36,88.43,23.17,50.52
2023-01-16 11:00:00,20.57,54.48,82.97,23.47,51.43
2023-01-16 12:00:00,24.6,60.88,88.15,24.85,50.24
2023-01-16 13:00:00,20.26,37.16,96.98,23.18,53.32
2023-01-16 14:00:00,20.23,43.21,99.14,23.63,52.47
2023-01-16 15:00:00,21.27,67.0,89.66,22.01,50.29
2023-01-16 16:00:00,21.48,40.04,96.98,24.35,53.85
2023-01-16 17:00:00,22.9,57.22,81.81,23.35,54.33
2023-01-16 18:00:00,23.53,45.51,80.83,24.16,53.59
2023-01-16 19:00:00,22.98,52.85,95.28,24.08,50.75
2023-01-16 20:00:00,24.97,44.76,79.05,23.23,50.02
2023-01-16 21:00:00,22.76,37.16,83.79,23.86,50.15
2023-01-16 22:00:00,21.28,51.87,81.32,23.03,51.77
2023-01-16 23:00:00,20.84,32.48,96.49,22.58,54.43
2023-01-17 00:00:00,23.67,52.3,93.18,22.36,53.73
2023-01-17 01:00:00,21.12,68.38,71.24,22.53,52.58
2023-01-17 02:00:00,20.3,51.49,95.23,23.96,50.34
2023-01-17 03:00:00,20.3,41.61,81.84,23.59,54.15
2023-01-17 04:00:00,20.56,60.4,98.59,24.82,52.6
2023-01-17 05:00:00,22.21,36.29,75.71,23.74,52.29
2023-01-17 06:00:00,23.12,46.65,81.81,24.13,53.07
2023-01-17 07:00:00,21.55,67.46,81.63,22.08,52.75
2023-01-17 08:00:00,23.02,61.87,73.88,23.74,54.2
2023-01-17 09:00:00,23.68,47.01,95.38,24.79,51.5
2023-01-17 10:00:00,24.04,65.34,79.77,23.94,50.84
2023-01-17 11:00:00,20.54,34.13,78.04,22.26,54.22
2023-01-17 12:00:00,21.66,62.58,89.75,23.87,54.28
2023-01-17 13:00:00,23.43,50.74,96.22,22.2,53.84
2023-01-17 14:00:00,24.44,47.45,80.16,23.7,51.84
2023-01-17 15:00:00,20.84,48.09,86.22,23.0,51.35
2023-01-17 16:00:00,21.32,33.31,82.74,22.03,51.02
2023-01-17 17:00:00,22.65,36.36,91.17,23.27,50.98
2023-01-17 18:00:00,23.38,37.36,70.73,23.25,50.19
2023-01-17 19:00:00,22.75,38.96,99.86,24.55,52.93
2023-01-17 20:00:00,22.34,47.67,71.09,24.61,52.49
2023-01-17 21:00:00,24.43,62.82,76.96,22.85,52.24
2023-01-17 22:00:00,20.14,45.98,91.48,24.42,52.07
2023-01-17 23:00:00,23.35,46.57,86.04,23.1,52.79
2023-01-18 00:00:00,24.67,60.23,73.33,22.41,53.64
2023-01-18 01:00:00,20.25,61.77,94.11,23.94,50.18
2023-01-18 02:00:00,24.59,49.88,87.02,22.72,53.88
2023-01-18 03:00:00,23.62,66.95,70.15,22.08,50.57
2023-01-18 04:00:00,22.76,58.12,83.33,24.39,51.91
2023-01-18 05:00:00,22.45,43.23,95.71,23.94,53.79
2023-01-18 06:00:00,23.64,55.2,99.38,24.08,53.04
2023-01-18 07:00:00,21.21,59.49,76.03,22.79,52.5
2023-01-18 08:00:00,24.25,48.87,96.19,23.42,53.47
2023-01-18 09:00:00,20.14,38.2,82.94,23.32,50.14
2023-01-18 10:00:00,23.29,32.05,89.58,22.01,52.92
2023-01-18 11:00:00,22.11,46.48,93.99,24.23,53.27
2023-01-18 12:00:00,22.57,55.08,88.74,22.16,53.06
2023-01-18 13:00:00,23.72,59.46,73.28,22.96,53.08
2023-01-18 14:00:00,24.48,44.18,75.6,24.37,53.04
2023-01-18 15:00:00,22.08,46.28,71.34,23.83,50.12
2023-01-18 16:00:00,24.86,68.36,71.66,24.32,53.59
2023-01-18 17:00:00,24.92,37.55,74.27,23.34,51.66
2023-01-18 18:00:00,20.75,69.38,97.43,24.11,52.06
2023-01-18 19:00:00,20.95,63.86,72.49,22.59,53.98
2023-01-18 20:00:00,23.57,47.91,82.0,22.99,52.97
2023-01-18 21:00:00,24.73,52.27,84.35,22.99,54.51
2023-01-18 22:00:00,21.91,39.54,80.92,22.23,50.12
2023-01-18 23:00:00,20.69,32.38,86.71,23.73,50.74
2023-01-19 00:00:00,21.06,43.57,78.33,22.01,52.52
2023-01-19 01:00:00,24.68,69.42,73.98,22.23,54.03
2023-01-19 02:00:00,22.68,62.68,92.94,22.2,52.94
2023-01-19 03:00:00,23.12,40.91,75.7,23.7,50.27
2023-01-19 04:00:00,23.12,50.57,82.89,22.79,50.29
2023-01-19 05:00:00,21.4,58.8,84.7,24.74,50.66
2023-01-19 06:00:00,24.6,65.98,95.03,23.54,54.64
2023-01-19 07:00:00,22.69,46.86,72.18,24.59,51.6
2023-01-19 08:00:00,23.61,69.78,89.49,22.17,54.95
2023-01-19 09:00:00,24.59,60.11,91.53,22.41,51.1
2023-01-19 10:00:00,22.25,48.06,94.35,23.08,50.13
2023-01-19 11:00:00,23.54,60.08,78.83,24.2,50.4
2023-01-19 12:00:00,20.48,59.19,82.03,23.82,51.3
2023-01-19 13:00:00,22.69,38.09,92.39,22.79,50.51
2023-01-19 14:00:00,21.87,44.33,82.6,23.52,53.08
2023-01-19 15:00:00,23.64,59.61,76.56,22.82,50.12
2023-01-19 16:00:00,22.62,54.89,87.2,23.78,51.33
2023-01-19 17:00:00,24.41,49.63,87.64,23.47,50.8
2023-01-19 18:00:00,23.34,47.3,83.3,24.03,54.61
2023-01-19 19:00:00,23.21,68.75,98.47,24.87,53.2
2023-01-19 20:00:00,21.18,43.49,84.6,24.62,54.56
2023-01-19 21:00:00,22.68,41.73,89.2,24.36,50.36
2023-01-19 22:00:00,22.51,60.02,92.18,23.34,53.08
2023-01-19 23:00:00,20.69,66.69,88.55,23.61,54.57
2023-01-20 00:00:00,21.57,67.1,83.64,22.67,52.51
2023-01-20 01:00:00,23.65,45.67,91.03,24.95,54.79
2023-01-20 02:00:00,22.72,54.13,93.31,24.19,50.27
2023-01-20 03:00:00,20.87,37.81,74.32,23.38,51.5
2023-01-20 04:00:00,23.99,30.17,94.79,24.38,50.43
2023-01-20 05:00:00,23.78,46.74,92.03,24.43,53.77
2023-01-20 06:00:00,20.18,30.49,93.7,24.63,50.82
2023-01-20 07:00:00,23.25,41.41,82.57,23.65,51.47
2023-01-20 08:00:00,22.77,51.41,84.26,23.04,53.37
2023-01-20 09:00:00,22.14,38.54,77.57,23.89,54.16
2023-01-20 10:00:00,21.11,37.78,89.53,22.79,51.9
2023-01-20 11:00:00,22.81,40.0,73.61,24.69,51.56
2023-01-20 12:00:00,20.1,55.07,85.31,23.59,52.91
2023-01-20 13:00:00,20.53,60.84,95.27,23.83,51.0
2023-01-20 14:00:00,22.66,30.18,71.23,24.43,50.21
2023-01-20 15:00:00,24.92,47.08,80.42,23.09,54.46
2023-01-20 16:00:00,22.4,67.25,95.87,23.76,50.59
2023-01-20 17:00:00,20.74,30.79,79.63,24.29,50.62
2023-01-20 18:00:00,20.92,40.71,70.57,23.34,53.25
2023-01-20 19:00:00,23.28,36.76,87.51,22.86,51.22
2023-01-20 20:00:00,24.55,54.79,95.27,22.96,50.79
2023-01-20 21:00:00,21.54,45.79,83.02,24.78,54.42
2023-01-20 22:00:00,20.2,41.78,76.39,24.04,54.06
2023-01-20 23:00:00,20.69,61.53,86.67,24.03,51.14
2023-01-21 00:00:00,21.58,41.63,82.31,22.72,50.9
2023-01-21 01:00:00,23.63,64.1,95.06,24.41,53.07
2023-01-21 02:00:00,24.18,51.86,91.63,23.95,52.97
2023-01-21 03:00:00,21.54,56.77,76.59,22.88,50.09
2023-01-21 04:00:00,20.52,41.4,87.96,24.85,52.3
2023-01-21 05:00:00,22.92,66.39,98.98,23.15,54.22
2023-01-21 06:00:00,21.45,51.14,85.7,23.24,52.12
2023-01-21 07:00:00,22.8,47.64,91.79,22.19,54.25
2023-01-21 08:00:00,20.82,59.5,85.39,24.52,51.9
2023-01-21 09:00:00,23.72,50.53,89.61,24.18,54.02
2023-01-21 10:00:00,21.01,46.22,95.57,24.31,51.93
2023-01-21 11:00:00,24.66,44.2,82.58,23.62,52.45
2023-01-21 12:00:00,24.11,60.53,83.05,24.98,50.47
2023-01-21 13:00:00,20.43,51.46,72.26,24.47,50.84
2023-01-21 14:00:00,24.51,40.94,97.25,22.13,50.61
2023-01-21 15:00:00,22.11,49.58,80.33,22.79,51.33
2023-01-21 16:00:00,22.96,31.79,88.21,23.35,52.06
2023-01-21 17:00:00,22.55,61.96,93.68,24.86,54.34
2023-01-21 18:00:00,21.24,50.22,96.61,23.83,53.35
2023-01-21 19:00:00,21.25,54.95,84.63,24.84,53.81
2023-01-21 20:00:00,21.4,60.57,80.49,22.16,51.14
2023-01-21 21:00:00,23.44,36.57,84.93,24.69,50.35
2023-01-21 22:00:00,21.66,51.11,98.59,24.02,52.41
2023-01-21 23:00:00,24.58,60.38,90.5,24.09,52.24
2023-01-22 00:00:00,21.72,38.41,96.26,24.12,51.46
2023-01-22 01:00:00,23.27,67.95,81.89,24.64,52.73
2023-01-22 02:00:00,24.71,53.67,70.72,23.02,54.7
2023-01-22 03:00:00,22.37,33.18,85.44,22.68,50.08
2023-01-22 04:00:00,22.89,38.64,94.18,22.54,51.37
2023-01-22 05:00:00,21.43,30.11,75.72,24.31,50.43
2023-01-22 06:00:00,24.76,48.75,92.98,24.62,53.47
2023-01-22 07:00:00,24.81,46.78,90.29,24.45,51.06
2023-01-22 08:00:00,22.59,43.16,75.33,24.19,50.55
2023-01-22 09:00:00,21.29,30.46,96.45,22.44,53.19
2023-01-22 10:00:00,20.33,37.4,79.37,23.01,51.41
2023-01-22 11:00:00,21.24,52.98,70.78,24.78,53.17
2023-01-22 12:00:00,22.72,45.71,81.75,24.43,54.56
2023-01-22 13:00:00,24.03,46.39,80.16,24.66,50.55
2023-01-22 14:00:00,23.25,68.2,71.05,24.89,54.06
2023-01-22 15:00:00,24.16,68.31,86.31,23.45,54.33
2023-01-22 16:00:00,23.95,54.76,98.98,23.02,51.24
2023-01-22 17:00:00,20.04,50.19,95.84,22.74,54.31
2023-01-22 18:00:00,21.23,42.76,92.83,22.84,54.27
2023-01-22 19:00:00,21.91,49.03,94.51,22.4,52.63
2023-01-22 20:00:00,21.69,69.76,95.59,24.38,54.54
2023-01-22 21:00:00,21.97,49.49,83.94,23.37,54.81
2023-01-22 22:00:00,21.93,34.29,97.06,22.29,52.33
2023-01-22 23:00:00,20.38,59.06,99.96,23.03,51.58
2023-01-23 00:00:00,23.49,68.45,94.06,22.77,50.76
2023-01-23 01:00:00,24.64,42.36,94.51,24.38,51.17
2023-01-23 02:00:00,23.84,31.11,83.32,22.02,50.27
2023-01-23 03:00:00,21.28,36.69,97.95,22.6,50.58
2023-01-23 04:00:00,22.52,69.97,76.97,24.53,53.95
2023-01-23 05:00:00,23.05,41.4,83.35,24.36,51.48
2023-01-23 06:00:00,23.23,43.99,92.7,22.32,51.4
2023-01-23 07:00:00,20.98,32.66,75.37,24.9,53.36
2023-01-23 08:00:00,20.26,52.21,94.36,23.16,54.35
2023-01-23 09:00:00,24.02,38.46,89.89,22.38,54.17
2023-01-23 10:00:00,20.91,44.52,90.44,22.32,54.73
2023-01-23 11:00:00,23.66,42.72,94.9,23.99,51.45
2023-01-23 12:00:00,23.5,65.12,87.94,23.04,54.3
2023-01-23 13:00:00,20.07,45.96,79.73,24.24,51.32
2023-01-23 14:00:00,22.65,47.18,84.53,23.2,51.87
2023-01-23 15:00:00,23.43,37.09,96.73,24.75,53.74
2023-01-23 16:00:00,23.13,64.92,88.96,24.5,54.68
2023-01-23 17:00:00,24.68,38.88,77.38,24.76,50.71
2023-01-23 18:00:00,20.49,44.26,71.12,24.43,50.29
2023-01-23 19:00:00,22.32,34.3,82.43,22.12,53.89
2023-01-23 20:00:00,21.18,45.97,86.78,23.25,53.52
2023-01-23 21:00:00,20.87,39.44,73.15,23.83,51.86
2023-01-23 22:00:00,23.22,63.38,73.07,22.58,50.98
2023-01-23 23:00:00,21.07,46.88,98.86,23.85,54.91
2023-01-24 00:00:00,24.28,64.6,95.64,23.98,54.17
2023-01-24 01:00:00,21.74,30.19,88.77,23.93,51.47
2023-01-24 02:00:00,24.83,43.08,98.34,23.05,53.44
2023-01-24 03:00:00,24.29,63.39,74.14,24.5,50.16
2023-01-24 04:00:00,23.73,64.2,79.51,22.21,53.41
2023-01-24 05:00:00,22.65,69.19,89.41,24.19,51.72
2023-01-24 06:00:00,22.78,61.94,75.3,24.85,54.05
2023-01-24 07:00:00,22.56,37.35,85.84,24.12,53.11
2023-01-24 08:00:00,23.34,37.24,72.08,24.96,50.54
2023-01-24 09:00:00,23.3,55.39,93.57,23.39,52.51
2023-01-24 10:00:00,20.36,32.23,95.7,24.34,50.82
2023-01-24 11:00:00,23.09,41.27,78.01,23.63,54.26
2023-01-24 12:00:00,22.7,47.04,85.9,22.58,50.42
2023-01-24 13:00:00,21.79,44.9,71.42,24.6,54.69
2023-01-24 14:00:00,20.78,65.84,92.94,24.5,50.14
2023-01-24 15:00:00,20.9,62.24,84.09,22.69,53.34
2023-01-24 16:00:00,21.9,67.28,70.24,23.67,54.48
2023-01-24 17:00:00,24.19,52.04,82.27,23.65,51.33
2023-01-24 18:00:00,20.17,37.83,76.24,22.75,50.49
2023-01-24 19:00:00,21.23,52.51,96.24,23.49,51.61
2023-01-24 20:00:00,22.74,43.81,97.61,23.03,52.41
2023-01-24 21:00:00,21.84,60.75,96.96,24.54,53.11
2023-01-24 22:00:00,20.77,65.78,96.21,24.67,51.21
2023-01-24 23:00:00,24.3,49.79,74.4,23.87,50.88
2023-01-25 00:00:00,20.69,63.4,78.04,22.96,54.33
2023-01-25 01:00:00,22.04,38.74,79.06,24.87,50.28
2023-01-25 02:00:00,24.78,48.96,72.18,23.86,53.29
2023-01-25 03:00:00,23.08,56.9,70.09,22.45,52.32
2023-01-25 04:00:00,21.37,65.4,74.37,22.33,53.6
2023-01-25 05:00:00,20.72,66.66,87.22,24.28,51.21
2023-01-25 06:00:00,23.9,66.38,72.11,22.96,51.23
2023-01-25 07:00:00,23.1,41.25,71.22,23.32,51.61
2023-01-25 08:00:00,24.84,51.4,94.16,23.82,52.54
2023-01-25 09:00:00,23.79,61.46,88.23,24.74,51.49
2023-01-25 10:00:00,22.42,49.35,79.52,23.51,54.4
2023-01-25 11:00:00,20.11,63.95,94.06,23.73,52.18
2023-01-25 12:00:00,21.58,38.0,97.48,24.4,53.51
2023-01-25 13:00:00,23.71,46.83,84.55,23.33,51.77
2023-01-25 14:00:00,20.03,55.2,92.01,22.13,51.23
2023-01-25 15:00:00,21.64,59.26,83.14,24.33,50.56
2023-01-25 16:00:00,21.54,33.04,96.94,22.37,50.95
2023-01-25 17:00:00,24.95,67.3,88.93,24.42,51.83
2023-01-25 18:00:00,24.1,30.08,84.69,22.61,52.78
2023-01-25 19:00:00,21.41,55.78,75.77,24.32,54.62
2023-01-25 20:00:00,21.94,45.15,78.34,23.9,51.66
2023-01-25 21:00:00,23.71,39.89,98.96,24.31,54.82
2023-01-25 22:00:00,24.82,32.51,89.35,23.28,53.04
2023-01-25 23:00:00,21.76,34.36,96.57,22.19,53.48
2023-01-26 00:00:00,22.76,32.69,75.15,22.51,53.5
2023-01-26 01:00:00,20.45,30.85,93.95,24.56,51.52
2023-01-26 02:00:00,20.69,44.44,99.95,23.24,52.65
2023-01-26 03:00:00,22.28,38.6,82.82,24.91,51.43
2023-01-26 04:00:00,24.53,59.56,88.36,23.28,54.35
2023-01-26 05:00:00,23.34,68.56,91.32,22.92,50.44
2023-01-26 06:00:00,22.61,38.87,75.53,22.91,54.23
2023-01-26 07:00:00,22.01,43.31,78.92,24.19,53.19
2023-01-26 08:00:00,21.88,65.38,74.81,22.41,54.27
2023-01-26 09:00:00,24.86,47.94,95.29,23.79,54.44
2023-01-26 10:00:00,24.88,49.34,94.71,24.99,50.56
2023-01-26 11:00:00,24.65,32.91,90.48,24.95,51.0
2023-01-26 12:00:00,20.21,53.9,82.4,24.38,54.88
2023-01-26 13:00:00,23.79,41.13,93.94,22.95,51.56
2023-01-26 14:00:00,20.01,48.29,81.4,22.54,52.16
2023-01-26 15:00:00,21.27,62.38,95.65,23.72,54.59
2023-01-26 16:00:00,22.53,61.19,95.23,22.94,50.17
2023-01-26 17:00:00,22.9,53.38,88.67,23.89,51.94
2023-01-26 18:00:00,23.66,59.38,92.24,23.95,53.06
2023-01-26 19:00:00,21.62,33.94,70.52,24.01,51.28
2023-01-26 20:00:00,23.99,41.41,70.97,23.02,51.81
2023-01-26 21:00:00,21.54,40.69,98.45,23.82,54.94
2023-01-26 22:00:00,21.47,45.09,75.01,22.46,53.96
2023-01-26 23:00:00,21.14,39.76,88.1,23.05,54.8
2023-01-27 00:00:00,23.7,40.47,94.66,22.14,51.5
2023-01-27 01:00:00,20.37,55.59,93.98,22.22,53.35
2023-01-27 02:00:00,20.01,57.32,93.19,22.48,50.34
2023-01-27 03:00:00,21.53,69.37,78.98,22.47,50.91
2023-01-27 04:00:00,22.27,51.32,81.04,22.85,50.67
2023-01-27 05:00:00,24.98,64.03,77.81,24.33,53.35
2023-01-27 06:00:00,24.29,32.88,75.13,22.02,50.86
2023-01-27 07:00:00,23.8,49.34,93.51,23.31,53.73
2023-01-27 08:00:00,24.21,53.54,90.62,22.46,52.5
2023-01-27 09:00:00,22.07,43.73,90.51,23.15,54.26
2023-01-27 10:00:00,23.39,31.52,77.01,24.34,53.96
2023-01-27 11:00:00,23.5,51.26,94.61,23.9,50.88
2023-01-27 12:00:00,23.59,38.52,81.83,24.98,51.93
2023-01-27 13:00:00,23.73,55.78,84.32,24.34,51.01
2023-01-27 14:00:00,24.21,62.03,91.66,24.32,51.12
2023-01-27 15:00:00,21.19,45.9,92.78,24.33,53.73
2023-01-27 16:00:00,20.95,32.01,70.34,23.15,50.87
2023-01-27 17:00:00,24.11,58.36,96.83,23.79,50.87
2023-01-27 18:00:00,23.27,37.96,97.13,24.4,52.75
2023-01-27 19:00:00,20.05,69.93,75.2,22.61,50.67
2023-01-27 20:00:00,22.62,34.47,83.0,24.49,51.6
2023-01-27 21:00:00,22.75,69.64,95.36,22.24,50.8
2023-01-27 22:00:00,20.38,61.9,96.39,24.36,53.89
2023-01-27 23:00:00,24.13,50.65,88.14,22.78,50.46
2023-01-28 00:00:00,22.57,34.7,95.42,22.26,52.36
2023-01-28 01:00:00,23.25,52.29,73.94,22.83,53.84
2023-01-28 02:00:00,24.82,53.24,71.52,22.8,54.0
2023-01-28 03:00:00,20.54,48.49,82.33,22.42,52.96
2023-01-28 04:00:00,24.09,57.86,94.6,23.68,54.33
2023-01-28 05:00:00,21.45,34.97,81.87,22.98,53.63
2023-01-28 06:00:00,23.67,51.32,98.97,24.52,54.81
2023-01-28 07:00:00,22.3,49.54,75.42,22.85,53.83
2023-01-28 08:00:00,24.37,41.72,92.15,23.9,53.92
2023-01-28 09:00:00,24.06,57.17,78.29,24.91,50.53
2023-01-28 10:00:00,20.74,49.8,78.81,24.15,53.27
2023-01-28 11:00:00,23.25,31.22,93.33,24.99,52.02
2023-01-28 12:00:00,24.6,64.42,97.52,22.41,51.71
2023-01-28 13:00:00,23.47,35.07,94.63,23.17,50.06
2023-01-28 14:00:00,21.33,54.07,87.57,24.48,54.84
2023-01-28 15:00:00,20.32,54.1,83.81,22.18,53.44
2023-01-28 16:00:00,23.34,47.07,78.04,23.28,53.49
2023-01-28 17:00:00,20.33,62.96,84.98,23.74,50.01
2023-01-28 18:00:00,22.86,30.81,84.83,22.33,53.88
2023-01-28 19:00:00,24.46,50.67,78.18,22.62,53.43
2023-01-28 20:00:00,21.76,52.2,94.27,24.96,54.29
2023-01-28 21:00:00,23.85,43.24,88.68,23.12,52.84
2023-01-28 22:00:00,22.1,45.62,77.65,23.23,51.08
2023-01-28 23:00:00,24.84,68.54,96.94,22.16,53.29
2023-01-29 00:00:00,22.78,47.18,97.93,22.77,53.03
2023-01-29 01:00:00,20.06,35.84,93.67,22.15,54.96
2023-01-29 02:00:00,22.96,51.5,74.02,24.81,52.46
2023-01-29 03:00:00,21.15,66.75,99.75,23.86,51.0
2023-01-29 04:00:00,20.35,30.93,81.94,22.69,51.56
2023-01-29 05:00:00,21.67,45.18,75.33,23.53,52.7
2023-01-29 06:00:00,20.11,41.06,70.49,23.09,50.03
2023-01-29 07:00:00,22.84,58.51,98.16,23.46,53.48
2023-01-29 08:00:00,22.32,41.37,95.49,22.87,54.08
2023-01-29 09:00:00,23.23,42.39,77.53,23.47,53.02
2023-01-29 10:00:00,23.28,68.06,81.09,23.27,54.3
2023-01-29 11:00:00,20.32,43.59,73.87,24.48,50.72
2023-01-29 12:00:00,23.42,51.11,97.68,22.81,53.69
2023-01-29 13:00:00,23.06,31.93,73.25,24.85,54.77
2023-01-29 14:00:00,23.64,50.91,89.3,22.22,50.2
2023-01-29 15:00:00,21.56,35.66,73.33,24.11,53.03
2023-01-29 16:00:00,23.4,48.74,82.06,22.44,54.89
2023-01-29 17:00:00,20.17,39.3,99.34,24.07,50.71
2023-01-29 18:00:00,24.89,52.37,90.94,22.41,50.77
2023-01-29 19:00:00,24.19,40.85,99.75,22.87,54.1
2023-01-29 20:00:00,20.97,51.07,77.96,22.96,53.51
2023-01-29 21:00:00,24.99,53.08,96.74,22.54,53.53
2023-01-29 22:00:00,24.41,33.21,97.78,22.57,53.63
2023-01-29 23:00:00,24.76,50.71,70.83,24.98,54.13
2023-01-30 00:00:00,22.48,52.48,79.59,22.29,50.33
2023-01-30 01:00:00,22.21,36.33,77.57,22.21,51.95
2023-01-30 02:00:00,22.8,45.11,81.7,23.92,51.14
2023-01-30 03:00:00,23.74,31.9,71.33,24.37,53.2
2023-01-30 04:00:00,21.85,66.74,82.66,24.2,54.55
2023-01-30 05:00:00,22.14,40.84,76.38,23.34,52.96
2023-01-30 06:00:00,24.09,63.07,71.82,22.8,51.47
2023-01-30 07:00:00,21.94,48.63,93.95,23.14,50.38
2023-01-30 08:00:00,23.88,44.53,86.73,22.67,54.23
2023-01-30 09:00:00,23.01,56.36,99.92,22.67,54.21
2023-01-30 10:00:00,24.9,38.29,86.03,23.52,52.55
2023-01-30 11:00:00,20.5,67.6,95.56,22.91,54.46
2023-01-30 12:00:00,24.06,40.79,93.59,22.62,52.47
2023-01-30 13:00:00,22.44,32.77,79.59,23.32,51.79
2023-01-30 14:00:00,24.66,34.5,96.02,23.31,52.59
2023-01-30 15:00:00,23.88,55.4,71.38,22.32,53.91
2023-01-30 16:00:00,23.47,32.22,83.14,24.04,52.88
2023-01-30 17:00:00,20.55,58.53,82.99,23.93,52.92
2023-01-30 18:00:00,20.25,51.21,74.52,22.67,50.94
2023-01-30 19:00:00,21.74,59.99,84.19,24.25,54.59
2023-01-30 20:00:00,24.44,60.76,71.83,23.11,51.74
2023-01-30 21:00:00,21.9,40.26,97.78,23.32,51.95
2023-01-30 22:00:00,22.91,34.12,76.41,23.76,52.19
2023-01-30 23:00:00,23.27,68.94,82.35,23.79,51.06
2023-01-31 00:00:00,23.13,66.61,83.67,24.33,53.14
2023-01-31 01:00:00,23.71,44.1,74.88,22.15,51.59
2023-01-31 02:00:00,20.52,38.44,91.09,22.75,52.77
2023-01-31 03:00:00,20.63,42.19,76.18,22.17,51.49
2023-01-31 04:00:00,22.03,60.23,94.25,23.37,51.38
2023-01-31 05:00:00,23.23,32.98,93.73,22.71,52.01
2023-01-31 06:00:00,21.78,47.3,92.19,24.47,52.09
2023-01-31 07:00:00,23.85,52.28,85.83,23.82,51.69
2023-01-31 08:00:00,23.39,59.91,72.5,24.84,50.82
2023-01-31 09:00:00,20.7,32.45,94.31,24.38,53.47
2023-01-31 10:00:00,24.8,53.03,73.07,24.96,51.56
2023-01-31 11:00:00,20.0,55.21,77.49,24.68,50.14
2023-01-31 12:00:00,20.88,50.6,89.91,24.11,52.81
2023-01-31 13:00:00,23.05,35.03,86.1,24.11,51.41
2023-01-31 14:00:00,21.97,48.24,83.14,23.91,54.21
2023-01-31 15:00:00,21.41,35.16,71.03,23.19,50.89
2023-01-31 16:00:00,23.78,58.72,83.35,22.13,53.3
2023-01-31 17:00:00,24.87,59.28,96.18,22.49,54.3
2023-01-31 18:00:00,20.85,64.92,75.94,22.45,54.98
2023-01-31 19:00:00,21.75,68.36,98.19,23.12,51.23
2023-01-31 20:00:00,20.76,51.02,76.53,23.99,53.51
2023-01-31 21:00:00,23.03,45.16,92.12,23.2,52.63
2023-01-31 22:00:00,20.93,60.29,98.53,23.39,54.19
2023-01-31 23:00:00,21.88,54.6,83.55,22.39,50.96
2023-02-01 00:00:00,20.33,38.8,88.51,23.36,54.13
2023-02-01 01:00:00,20.39,67.64,80.25,24.4,53.04
2023-02-01 02:00:00,24.39,58.69,81.76,23.5,50.24
2023-02-01 03:00:00,22.51,57.92,78.27,22.94,53.43
2023-02-01 04:00:00,21.3,62.35,78.91,24.9,50.29
2023-02-01 05:00:00,22.31,61.11,73.58,23.84,52.18
2023-02-01 06:00:00,21.53,45.09,75.47,22.94,54.82
2023-02-01 07:00:00,24.13,42.34,79.84,22.61,52.67
2023-02-01 08:00:00,20.32,58.04,99.83,23.8,50.16
2023-02-01 09:00:00,20.89,69.77,92.97,23.61,50.8
2023-02-01 10:00:00,24.48,44.24,98.25,22.06,50.6
2023-02-01 11:00:00,24.96,34.65,94.79,22.01,50.99
2023-02-01 12:00:00,20.4,58.69,79.78,24.87,50.47
2023-02-01 13:00:00,20.03,35.54,85.93,23.86,51.8
2023-02-01 14:00:00,21.81,58.9,75.73,24.14,52.92
2023-02-01 15:00:00,23.73,52.66,98.1,22.1,52.64
2023-02-01 16:00:00,20.25,37.83,78.91,24.19,53.85
2023-02-01 17:00:00,21.18,40.86,81.02,22.98,50.97
2023-02-01 18:00:00,20.37,42.65,94.65,23.3,53.76
2023-02-01 19:00:00,22.13,63.18,83.24,23.67,54.81
2023-02-01 20:00:00,22.35,47.14,96.86,23.08,51.25
2023-02-01 21:00:00,21.57,66.22,92.93,23.17,53.09
2023-02-01 22:00:00,20.23,47.85,93.47,24.64,51.13
2023-02-01 23:00:00,24.37,47.08,80.28,22.65,52.01
2023-02-02 00:00:00,21.66,30.59,87.22,24.22,53.55
2023-02-02 01:00:00,20.08,47.81,81.48,24.91,53.52
2023-02-02 02:00:00,24.85,68.35,71.38,24.28,52.55
2023-02-02 03:00:00,22.07,31.42,94.26,22.63,52.41
2023-02-02 04:00:00,24.07,34.68,92.17,24.19,51.83
2023-02-02 05:00:00,23.76,60.2,94.62,22.11,53.93
2023-02-02 06:00:00,23.0,40.29,89.65,24.18,53.5
2023-02-02 07:00:00,24.28,68.88,73.97,24.94,53.9
2023-02-02 08:00:00,21.54,52.86,94.66,24.37,50.0
2023-02-02 09:00:00,20.74,65.09,70.01,23.96,52.02
2023-02-02 10:00:00,22.5,60.07,91.05,23.07,50.84
2023-02-02 11:00:00,20.56,31.96,82.96,23.48,52.48
2023-02-02 12:00:00,23.43,40.53,89.41,23.23,53.66
2023-02-02 13:00:00,21.81,69.68,70.72,23.12,50.27
2023-02-02 14:00:00,22.39,37.53,86.33,22.57,52.64
2023-02-02 15:00:00,23.39,53.59,78.99,23.6,50.87
2023-02-02 16:00:00,23.56,32.11,86.08,22.37,52.43
2023-02-02 17:00:00,24.62,67.47,96.39,22.5,53.6
2023-02-02 18:00:00,20.49,40.48,79.63,22.75,54.98
2023-02-02 19:00:00,20.36,39.91,79.73,22.98,50.97
2023-02-02 20:00:00,24.06,60.93,83.08,23.22,51.65
2023-02-02 21:00:00,24.85,52.58,78.61,22.4,54.57
2023-02-02 22:00:00,23.92,49.19,93.4,22.31,52.15
2023-02-02 23:00:00,21.47,39.87,70.03,23.56,52.24
2023-02-03 00:00:00,20.83,57.53,97.97,24.44,52.11
2023-02-03 01:00:00,20.19,37.56,97.53,23.56,51.26
2023-02-03 02:00:00,21.69,37.44,85.87,24.01,53.67
2023-02-03 03:00:00,23.04,37.62,93.68,23.96,52.67
2023-02-03 04:00:00,21.5,36.56,83.23,24.42,50.79
2023-02-03 05:00:00,20.46,48.79,72.35,23.82,54.5
2023-02-03 06:00:00,21.6,36.57,76.13,23.7,54.22
2023-02-03 07:00:00,23.96,55.26,96.89,23.1,53.09
2023-02-03 08:00:00,22.16,32.44,90.06,22.42,51.45
2023-02-03 09:00:00,22.24,69.02,71.59,22.13,50.28
2023-02-03 10:00:00,22.03,55.28,83.3,22.54,51.68
2023-02-03 11:00:00,22.72,54.96,80.92,23.34,54.49
2023-02-03 12:00:00,22.75,56.07,94.2,22.56,51.97
2023-02-03 13:00:00,20.36,59.23,82.26,23.14,50.7
2023-02-03 14:00:00,21.28,59.95,86.03,24.17,53.11
2023-02-03 15:00:00,20.44,46.51,98.76,22.86,54.45
2023-02-03 16:00:00,23.06,38.15,93.73,22.63,53.88
2023-02-03 17:00:00,23.29,50.18,98.68,24.71,50.38
2023-02-03 18:00:00,23.93,61.59,99.8,23.99,52.57
2023-02-03 19:00:00,22.19,54.43,93.79,24.21,50.48
2023-02-03 20:00:00,20.72,49.41,79.61,22.82,51.27
2023-02-03 21:00:00,21.97,60.68,76.97,23.41,50.66
2023-02-03 22:00:00,24.97,36.94,91.88,22.33,54.49
2023-02-03 23:00:00,21.15,31.44,83.8,24.5,50.26
2023-02-04 00:00:00,20.43,58.39,97.17,22.78,54.83
2023-02-04 01:00:00,22.68,38.41,75.59,22.63,51.09
2023-02-04 02:00:00,20.97,66.32,97.46,22.55,52.99
2023-02-04 03:00:00,24.59,63.38,74.9,24.83,51.78
2023-02-04 04:00:00,22.35,39.88,74.03,24.37,52.59
2023-02-04 05:00:00,24.23,61.53,90.55,22.09,51.2
2023-02-04 06:00:00,21.66,46.37,81.49,23.51,54.83
2023-02-04 07:00:00,22.91,45.25,72.0,24.5,53.85
2023-02-04 08:00:00,21.13,62.76,81.31,23.93,52.69
2023-02-04 09:00:00,20.15,36.05,71.43,24.97,53.37
2023-02-04 10:00:00,20.13,45.11,87.76,23.72,50.49
2023-02-04 11:00:00,23.22,59.01,97.21,23.93,54.21
2023-02-04 12:00:00,21.38,65.52,70.56,24.13,54.88
2023-02-04 13:00:00,21.96,67.44,87.31,22.61,53.04
2023-02-04 14:00:00,21.18,61.38,97.71,24.22,54.13
2023-02-04 15:00:00,22.67,30.06,90.13,24.59,50.84
2023-02-04 16:00:00,23.68,53.35,95.14,24.24,51.23
2023-02-04 17:00:00,21.49,46.61,93.73,22.93,52.22
2023-02-04 18:00:00,21.49,69.96,99.28,24.53,54.32
2023-02-04 19:00:00,24.62,45.35,90.79,23.41,52.36
2023-02-04 20:00:00,21.47,42.58,99.31,24.86,54.87
2023-02-04 21:00:00,20.16,60.73,75.8,24.13,51.99
2023-02-04 22:00:00,21.29,59.55,71.59,23.96,52.37
2023-02-04 23:00:00,20.09,36.81,77.22,23.66,51.0
2023-02-05 00:00:00,20.06,36.83,81.13,24.75,54.6
2023-02-05 01:00:00,23.07,59.95,83.21,24.7,53.75
2023-02-05 02:00:00,24.35,64.02,77.3,22.24,51.01
2023-02-05 03:00:00,21.8,35.74,86.49,23.74,52.44
2023-02-05 04:00:00,20.11,48.42,73.23,23.12,54.42
2023-02-05 05:00:00,22.63,40.47,98.71,24.97,54.48
2023-02-05 06:00:00,21.98,40.47,94.62,24.68,51.45
2023-02-05 07:00:00,20.7,47.02,87.74,22.65,52.04
2023-02-05 08:00:00,20.72,61.41,73.06,22.68,51.74
2023-02-05 09:00:00,22.75,38.12,82.17,22.86,53.1
2023-02-05 10:00:00,24.24,44.99,92.42,24.78,54.4
2023-02-05 11:00:00,24.58,47.34,86.28,23.68,52.38
2023-02-05 12:00:00,24.02,35.16,78.22,23.03,51.78
2023-02-05 13:00:00,20.51,37.47,77.15,22.88,51.53
2023-02-05 14:00:00,23.34,41.16,96.99,23.95,54.71
2023-02-05 15:00:00,21.34,62.25,77.62,24.46,53.68
2023-02-05 16:00:00,24.52,68.98,72.36,22.74,53.63
2023-02-05 17:00:00,24.89,32.53,99.83,23.04,54.35
2023-02-05 18:00:00,23.33,65.04,82.15,24.03,54.65
2023-02-05 19:00:00,21.74,66.36,85.55,23.83,50.15
2023-02-05 20:00:00,20.63,40.72,99.14,24.38,51.3
2023-02-05 21:00:00,24.04,38.55,80.13,24.16,51.27
2023-02-05 22:00:00,22.9,35.48,98.32,23.17,53.22
2023-02-05 23:00:00,24.72,40.67,71.26,23.7,50.15
2023-02-06 00:00:00,20.4,55.27,76.42,22.99,54.78
2023-02-06 01:00:00,22.22,35.04,81.34,22.22,51.96
2023-02-06 02:00:00,21.74,46.61,96.23,24.23,51.52
2023-02-06 03:00:00,21.84,65.6,89.24,23.6,53.62
2023-02-06 04:00:00,23.58,59.12,78.02,24.35,53.59
2023-02-06 05:00:00,24.12,49.22,87.25,23.12,53.17
2023-02-06 06:00:00,20.72,60.97,83.6,23.74,52.04
2023-02-06 07:00:00,20.73,58.71,86.91,22.64,54.15
2023-02-06 08:00:00,24.83,59.65,88.09,22.72,52.9
2023-02-06 09:00:00,23.68,50.31,95.52,24.26,53.32
2023-02-06 10:00:00,21.22,44.52,96.94,23.3,50.72
2023-02-06 11:00:00,23.6,46.07,99.78,24.91,50.22
2023-02-06 12:00:00,21.57,46.12,92.89,23.49,52.56
2023-02-06 13:00:00,20.8,48.8,81.06,23.99,51.13
2023-02-06 14:00:00,23.25,66.97,96.77,23.77,50.5
2023-02-06 15:00:00,24.03,51.64,83.05,22.99,52.25
2023-02-06 16:00:00,23.49,36.0,77.03,23.01,53.18
2023-02-06 17:00:00,22.93,63.34,91.3,22.29,52.04
2023-02-06 18:00:00,21.07,35.88,77.24,23.34,54.81
2023-02-06 19:00:00,23.2,67.11,90.66,24.59,51.88
2023-02-06 20:00:00,23.29,46.44,83.85,23.25,53.74
2023-02-06 21:00:00,20.42,34.25,72.48,22.27,54.13
2023-02-06 22:00:00,21.16,56.19,74.91,24.18,53.81
2023-02-06 23:00:00,21.25,61.01,80.83,24.87,50.51
2023-02-07 00:00:00,24.4,41.82,99.79,23.4,50.69
2023-02-07 01:00:00,21.46,51.53,88.86,24.49,53.4
2023-02-07 02:00:00,24.79,47.23,82.11,23.93,50.74
2023-02-07 03:00:00,21.27,45.04,95.39,24.01,51.55
2023-02-07 04:00:00,23.87,46.72,83.75,22.02,52.05
2023-02-07 05:00:00,20.13,64.23,76.66,22.86,54.56
2023-02-07 06:00:00,21.27,62.47,96.17,23.43,52.69
2023-02-07 07:00:00,20.48,39.57,73.44,22.86,50.84
2023-02-07 08:00:00,21.81,39.1,77.05,22.12,53.7
2023-02-07 09:00:00,22.48,57.41,95.63,24.73,51.83
2023-02-07 10:00:00,24.56,59.8,76.13,23.33,53.52
2023-02-07 11:00:00,21.96,65.8,73.87,23.65,53.72
2023-02-07 12:00:00,24.86,38.69,77.82,24.11,54.43
2023-02-07 13:00:00,21.52,54.67,81.35,23.6,52.81
2023-02-07 14:00:00,24.03,50.99,90.63,22.9,53.08
2023-02-07 15:00:00,22.1,64.42,82.65,23.45,52.28
2023-02-07 16:00:00,21.43,37.55,76.12,23.89,52.44
2023-02-07 17:00:00,22.66,62.96,77.47,24.88,53.37
2023-02-07 18:00:00,20.3,32.55,87.82,24.55,52.14
2023-02-07 19:00:00,21.58,53.6,84.21,24.53,52.47
2023-02-07 20:00:00,23.4,45.95,87.73,23.54,50.06
2023-02-07 21:00:00,23.99,65.6,77.22,24.02,52.11
2023-02-07 22:00:00,20.57,38.93,98.71,24.97,50.06
2023-02-07 23:00:00,24.5,52.85,96.61,24.65,53.19
2023-02-08 00:00:00,24.13,43.07,88.18,24.16,53.09
2023-02-08 01:00:00,21.08,43.53,91.37,23.99,54.88
2023-02-08 02:00:00,24.5,30.18,98.87,22.76,50.88
2023-02-08 03:00:00,20.14,37.55,71.04,23.63,54.39
2023-02-08 04:00:00,22.05,59.09,82.84,22.44,52.61
2023-02-08 05:00:00,23.52,66.04,90.62,22.19,50.89
2023-02-08 06:00:00,20.24,35.19,72.96,22.39,54.27
2023-02-08 07:00:00,22.18,63.83,77.51,23.51,50.93
2023-02-08 08:00:00,23.89,67.17,97.36,24.1,52.63
2023-02-08 09:00:00,23.52,38.19,71.28,24.5,53.82
2023-02-08 10:00:00,20.03,41.12,70.78,24.58,52.59
2023-02-08 11:00:00,20.8,60.95,93.8,22.22,54.02
2023-02-08 12:00:00,21.86,51.99,92.36,22.63,55.0
2023-02-08 13:00:00,22.9,69.72,87.01,24.55,52.01
2023-02-08 14:00:00,21.76,43.33,82.93,23.15,50.2
2023-02-08 15:00:00,23.77,43.29,75.25,24.16,51.84
2023-02-08 16:00:00,21.6,41.32,74.43,22.1,54.11
2023-02-08 17:00:00,23.23,61.4,99.06,23.67,51.35
2023-02-08 18:00:00,23.31,56.85,91.09,24.25,51.17
2023-02-08 19:00:00,23.35,30.06,86.16,24.75,53.45
2023-02-08 20:00:00,24.03,44.06,86.8,23.37,52.18
2023-02-08 21:00:00,22.62,68.41,90.94,23.16,52.18
2023-02-08 22:00:00,21.12,46.81,78.63,24.61,50.25
2023-02-08 23:00:00,23.26,39.04,88.12,22.3,50.6
2023-02-09 00:00:00,23.19,43.16,96.91,24.67,51.13
2023-02-09 01:00:00,22.17,59.55,74.84,22.23,52.67
2023-02-09 02:00:00,23.95,57.69,79.04,24.99,50.24
2023-02-09 03:00:00,23.91,49.62,79.66,23.61,51.64
2023-02-09 04:00:00,23.21,45.06,75.16,23.98,53.67
2023-02-09 05:00:00,22.38,36.59,91.77,23.37,53.7
2023-02-09 06:00:00,22.53,38.57,80.25,24.17,53.63
2023-02-09 07:00:00,20.14,57.57,87.47,23.85,52.82
2023-02-09 08:00:00,24.5,50.21,77.72,22.5,54.95
2023-02-09 09:00:00,24.82,51.15,86.21,23.34,53.79
2023-02-09 10:00:00,23.44,53.91,86.52,23.82,51.05
2023-02-09 11:00:00,22.28,52.31,80.78,24.22,50.12
2023-02-09 12:00:00,23.94,30.79,78.14,24.97,52.94
2023-02-09 13:00:00,22.19,39.33,90.19,23.37,51.13
2023-02-09 14:00:00,22.58,55.18,71.86,22.26,51.82
2023-02-09 15:00:00,23.94,68.15,95.7,24.03,52.76
2023-02-09 16:00:00,23.29,42.81,73.4,23.07,53.75
2023-02-09 17:00:00,24.34,61.4,84.03,23.22,54.64
2023-02-09 18:00:00,23.84,61.79,93.49,22.47,53.57
2023-02-09 19:00:00,23.75,33.63,93.53,23.65,50.18
2023-02-09 20:00:00,23.48,49.0,71.67,23.11,50.22
2023-02-09 21:00:00,20.73,34.91,87.21,22.88,52.75
2023-02-09 22:00:00,24.36,53.35,76.75,22.18,51.16
2023-02-09 23:00:00,22.98,66.72,73.59,22.41,52.66
2023-02-10 00:00:00,23.11,67.37,70.19,23.59,53.46
2023-02-10 01:00:00,22.67,64.57,77.31,24.35,51.33
2023-02-10 02:00:00,22.25,56.68,97.21,22.96,51.39
2023-02-10 03:00:00,21.51,45.63,94.5,23.19,53.99
2023-02-10 04:00:00,24.94,42.64,81.63,23.61,52.41
2023-02-10 05:00:00,23.12,65.14,83.72,23.42,54.28
2023-02-10 06:00:00,24.98,41.92,86.79,24.43,52.76
2023-02-10 07:00:00,20.62,36.92,79.99,23.53,50.64
2023-02-10 08:00:00,22.31,56.87,78.28,23.33,50.29
2023-02-10 09:00:00,21.15,52.57,76.05,23.85,50.35
2023-02-10 10:00:00,24.24,57.99,88.53,24.32,50.87
2023-02-10 11:00:00,20.13,46.92,80.55,24.82,50.52
2023-02-10 12:00:00,20.05,45.19,87.44,24.35,52.67
2023-02-10 13:00:00,21.31,44.9,80.58,24.38,52.82
2023-02-10 14:00:00,23.81,48.83,88.79,24.25,51.49
2023-02-10 15:00:00,23.05,30.93,71.15,23.9,54.32
2023-02-10 16:00:00,20.84,62.7,99.89,24.73,54.58
2023-02-10 17:00:00,22.64,50.62,98.12,24.03,51.02
2023-02-10 18:00:00,20.44,54.94,77.68,23.85,51.71
2023-02-10 19:00:00,20.52,64.5,96.58,24.36,53.16
2023-02-10 20:00:00,21.66,41.38,99.87,24.02,50.55
2023-02-10 21:00:00,24.31,38.71,86.96,23.59,54.87
2023-02-10 22:00:00,21.39,66.17,76.01,23.15,51.65
2023-02-10 23:00:00,20.3,41.57,78.09,22.42,53.46
2023-02-11 00:00:00,20.1,38.34,89.07,22.66,51.06
2023-02-11 01:00:00,20.49,59.75,99.5,22.95,54.93
2023-02-11 02:00:00,23.35,44.61,92.48,23.52,54.18
2023-02-11 03:00:00,20.28,60.7,87.15,22.96,54.83
2023-02-11 04:00:00,21.3,48.02,76.11,23.13,54.22
2023-02-11 05:00:00,21.59,48.82,91.67,22.96,51.11
2023-02-11 06:00:00,23.66,66.51,77.25,22.52,51.72
2023-02-11 07:00:00,24.09,53.02,87.0,23.38,53.88
2023-02-11 08:00:00,20.5,56.6,79.47,22.88,52.07
2023-02-11 09:00:00,22.85,38.11,89.11,23.06,53.99
2023-02-11 10:00:00,22.35,39.55,78.83,23.71,51.34
2023-02-11 11:00:00,23.14,45.74,86.0,23.53,51.16
2023-02-11 12:00:00,20.07,67.36,84.57,24.92,54.87
2023-02-11 13:00:00,24.41,45.22,85.88,22.53,51.54
2023-02-11 14:00:00,24.8,51.65,80.75,23.16,54.07
2023-02-11 15:00:00,24.61,39.76,96.56,22.7,52.61
